age,blood pressureL,blood pressureU,height,id,nwP,platelets count,pregenacy month,rbc count,wbc count,weight,weight gain during pregenacy,Recommendation,label
0.5097123516,0.45,0.47,0.3397471513,,,0.2894736842,0.7142857143,0.3476642342,0.2769230769,0.3666666667,0.1945087671,"You may be suffering from hypertension.Do meditation,yoga,exercise on regular basis.Avoid heavy dose medicines",1
0.8179236616,0.2625,0.65,0.558354379,,,0.1052631579,1,0.3821450642,0.0307692308,0.8333333333,0.4704494093,Please consult Nutritionist,4
0.3896036756,0.3125,0.43,0.9969661881,,,0.2052631579,1,0.4846839047,0.1230769231,0.4666666667,0.522003514,"You are recommended to have periodic tests,ultrasounds and more frequent health checks.You are stictly required to have healthy diet",2
0.1479884711,0.6875,0.1,0.1799870258,,,0.3105263158,0.5714285714,0.7039752533,0.4307692308,0.2333333333,0.2533315745,You are on healthy track.Keep following regular diet and exercise.,0
